timestamp,tweet_text,username,all_hashtags,followers_count
2020-06-12 10:59:09,"b'Authorities in #Kyrgyzstan must drop fake forgery charges against human rights defender Kamil Ruziev. Statement from Norwegian Helsinki Committee, @ahrca @crdefenders @IPHR and SL. https://t.co/aAYVkAMy7N #\xd0\x9a\xd1\x8b\xd1\x80\xd0\xb3\xd1\x8b\xd0\xb7\xd1\x81\xd1\x82\xd0\xb0\xd0\xbd'",b'nhc_no',"['Kyrgyzstan', 'Кыргызстан']",2509
2020-06-12 08:10:34,"b'""[T]o prevent similar bloodshed in future, we never accuse each other, saying you\'re a Kyrgyz or an Uzbek."" How life in southern #Kyrgyzstan\'s #Osh has changed since the city\'s 2010 ethnic clashes. https://t.co/wcNf58CnFC'",b'CurrentTimeEng',"['Kyrgyzstan', 'Osh']",28
2020-06-12 07:39:49,b'The Nomadic Kyrgyz people are calling these Yurtas their home for 3 months during summer.  They bring their cattle and horses with them and milk them daily. . Follow \xf0\x9f\x91\x89 @dodoexplorers for more .  #kyrgyzstan #songkul #discoverkyrgyzstan #yurta #mountainlake #hikemoreworryless https://t.co/OwSZH6YC25',b'dodoexplorers',"['kyrgyzstan', 'songkul', 'discoverkyrgyzstan', 'yurta', 'mountainlake', 'hikemoreworryless']",1934
2020-06-12 07:38:04,"b'The Song-Kul lake, located at 3016m above sea level serves as a place for fishing and swimming. The lake is swimmable only in August, but we still ventured for a swim even though the water was ~ 10\xc2\xb0C. . Follow \xf0\x9f\x91\x89 @dodoexplorers for more .  #kyrgyzstan #songkul #discoverkyrgyzstan https://t.co/QJM1YEnzJp'",b'dodoexplorers',"['kyrgyzstan', 'songkul', 'discoverkyrgyzstan']",1934
2020-06-12 07:09:58,"b'Discover how @UNECE @UNDP @giz_gmbh @Hilfswerk_Intl  training contributed to positive changes for people in the agri sector in #Kyrgyzstan, #Tajikistan, #Uzbekistan #Kazakhstan - incl. women in informal employment, young entrepreneurs &amp; local communities \xf0\x9f\x91\x89https://t.co/O82Veo9Zlf https://t.co/rGtY3kqsdb'",b'UNECE',"['Kyrgyzstan', 'Tajikistan', 'Uzbekistan', 'Kazakhstan']",49023
2020-06-12 06:44:08,"b""ten years ago, ethnic violence was still raging in southern #kyrgyzstan. ethnic uzbeks suffered the majority of casualties and destroyed homes. too many are still waiting for justice. @hrw again calls on the gov't to ensure accountability for abuses. https://t.co/EorZKQ0TVv https://t.co/kQGFPS6TDF""",b'MihraRittmann',['kyrgyzstan'],2669
2020-06-12 06:27:03,b'#Kyrgyzstan - Coronavirus Update (12/06 04:50 UTC) #Health https://t.co/h9OnObinVW https://t.co/yTA0X63zXd',b'riskmap_',"['Kyrgyzstan', 'Health']",15405
2020-06-12 05:40:01,"b'After the events, Ms. Louise @ChamberlainSDGs handed over keys of two buses which will travel throughout #Kyrgyzstan offering free legal advice on a range of mattersand reaching out the most marginalised segments of population. https://t.co/jwUHsVP9NS'",b'undpkg',['Kyrgyzstan'],3248
2020-06-12 03:35:55,b'Dear #GeorgeFloyd I happily announce that in #Kyrgyzstan we don\xe2\x80\x99t have #racism. The ex-director of the kyrgyz public broadcasting company (who is also a DUMB FUCK) honored your memory by wearing a black face mask\xf0\x9f\x91\x87\xf0\x9f\x8f\xbf. Also he wants to support the country\xe2\x80\x99s economy with your coffin. https://t.co/iB4IS9Xtms',b'krypton_____',"['GeorgeFloyd', 'Kyrgyzstan', 'racism']",84
2020-06-12 03:21:56,b'#Kyrgyzstan hotline &amp; crisis center Shans +996312435301',b'PixelProject',['Kyrgyzstan'],22093
2020-06-12 00:17:00,"b'#coronavirus update in #Kyrgyzstan. New cases confirmed 36, new recovered 58. Total cases in Kyrgyzstan confirmed 2129, recovered 1630, deaths 26. +1.72% daily cases increase, 36 reported today UTC time.'",b'CoronaSpread',"['coronavirus', 'Kyrgyzstan']",165
2020-06-11 22:33:55,"b'The reason is #China fears #Uyghurs in #EastTurkistan will restore independence just as former #USSR feared from independence of its colonies-#Kazakhstan, #Uzbekistan, #Kyrgyzstan, because #EastTurkistan is occupied by #China since 1949! https://t.co/bNIc0KcfIJ'",b'BrightDestinee',"['China', 'Uyghurs', 'EastTurkistan', 'USSR', 'Kazakhstan', 'Uzbekistan', 'Kyrgyzstan', 'EastTurkistan', 'China']",273
2020-06-11 21:19:39,b'Everlasting or Ever-Changing? Violence Along the #Kyrgyzstan-#Tajikistan Border https://t.co/Uli3Z3QAZ4',b'ACLEDINFO',"['Kyrgyzstan', 'Tajikistan']",21948
2020-06-11 20:13:30,b'Fuck #Kyrgyzstan.',b'fckeverycountry',['Kyrgyzstan'],981
2020-06-11 17:15:28,"b""Through @Gigaconnect's connectivity mapping platform @MFA_Kyrgyzstan committed to connecting the remaining 690 schools.   \xf0\x9f\x93\xa1Today, 99.4% of schools in #Kyrgyzstan are connected \xf0\x9f\x92\xa1Saving 40% of their annual #connectivity budget/year  \xe2\x9e\xa1\xef\xb8\x8fhttps://t.co/Z0czYGIxW4 #DigitalCooperation https://t.co/Rb4c9uyxim""",b'Gigaconnect',"['Kyrgyzstan', 'connectivity', 'DigitalCooperation']",341
2020-06-11 15:59:38,"b'""First Container Train Sets Off Along #China-#Kyrgyzstan-#Uzbekistan Multimodal Corridor"": ""...the new corridor is 4,380 km long. It is 295 km shorter than the route through #Kazakhstan\xe2\x80\x99s #Khorgos."" https://t.co/7vXWQPljau  #geopolitics #CentralAsia #connectivity'",b'halilikaya',"['China', 'Kyrgyzstan', 'Uzbekistan', 'Kazakhstan', 'Khorgos', 'geopolitics', 'CentralAsia', 'connectivity']",2913
2020-06-11 15:59:00,"b'Asel is a librarian in #Kyrgyzstan who is using WhatsApp to send lesson plans to families in quarantine. \xe2\x81\xa3 \xe2\x81\xa3 Now her students are able to continue learning collaboratively, even from afar. \xf0\x9f\x93\x9a https://t.co/nfE7g6b60I'",b'mercycorps_uk',['Kyrgyzstan'],7561
2020-06-11 15:47:45,"b'""#Iran-ian President Hassan Rouhani called for the promotion of #trade ties with #Kyrgyzstan within the framework of the Eurasian Economic Union (#EAEU)."" https://t.co/E2bumn4s7E  #CentralAsia #geoeconomics'",b'halilikaya',"['Iran', 'trade', 'Kyrgyzstan', 'EAEU', 'CentralAsia', 'geoeconomics']",2913
2020-06-11 14:08:17,b'Even the skies are beautiful in #Kyrgyzstan https://t.co/0IFZHZfcaf',b'Veronique8802',['Kyrgyzstan'],1018
2020-06-11 13:34:07,b'Thank you @ozonnia for facilitating @UNFCCC_CTCN @UNFCCC support to #Kyrgyzstan. Great partnership @UNDP @UNDPClimate @UNEP @ASteiner @JoyceMsuya https://t.co/ucwIoJ9N1r',b'RoseMwebaza',['Kyrgyzstan'],713
2020-06-11 13:27:55,b'Happy to assist #Kyrgyzstan: new request for #climatetech transfer https://t.co/c3miqed6bp #TechnologyNeedsAssesment #TNA #climateaction @UNFCCC @UNIDO @UNEP @RoseMwebaza https://t.co/EarX0DhscD',b'UNFCCC_CTCN',"['Kyrgyzstan', 'climatetech', 'TechnologyNeedsAssesment', 'TNA', 'climateaction']",3239
2020-06-11 12:44:49,"b'#COVID19 has made the lives of 250,000 children in #Kyrgyzstan, left behind by migrating parents, even harder. @unicefkg is stepping up efforts to protect these children including from the higher risk of violence  https://t.co/SxnxZGktUt'",b'UNICEF_ECA',"['COVID19', 'Kyrgyzstan']",8820
2020-06-11 11:25:36,"b""Throwback to a joyous Spring ride around Kyrgyzstan's Lake Issyk Kul in 2017. Skinny-dipping, blossom covered hills and nights spent under star-drenched skies. #Kyrgyzstan #happyplace https://t.co/zwlkFTZy6w""",b'AntsBK',"['Kyrgyzstan', 'happyplace']",1967
2020-06-11 11:00:09,b'KYRGYZ PRIDE \xf0\x9f\x87\xb0\xf0\x9f\x87\xac  Training never stops for promising and unbeaten Kyrgyz featherweight Nursultan Rakhmanberdi...  STAY TUNED \xe2\x9e\xa1 https://t.co/YhBL2unEN5  #TeamMTKGlobal #MTKMMA #BJJ #MMA #NursultanRakhmanberdi #Kyrgyzstan https://t.co/rvenwHFpUU',b'MTK_MMA',"['TeamMTKGlobal', 'MTKMMA', 'BJJ', 'MMA', 'NursultanRakhmanberdi', 'Kyrgyzstan']",753
2020-06-11 10:53:52,"b'Tomorrow, another court hearing takes place in Askarov\xe2\x80\x99s case in #Kyrgyzstan. We remind the authorities that their refusal to comply with the @UNHumanRights Committee\xe2\x80\x99s call for his release is at odds with the government\xe2\x80\x99s commitments under ICCPR &amp; violates Askarov\xe2\x80\x99s rights.'",b'crdefenders',['Kyrgyzstan'],8480
2020-06-11 10:53:52,b'A DECADE OF INJUSTICE: Monday 15 June marks exactly 10 years since #HumanRightsDefender Azimjon Askarov was arrested in #Kyrgyzstan. Askarov\xe2\x80\x99s wrongful life sentence was upheld in May by the Kyrgyz Supreme Court. https://t.co/WHOkKh2oct',b'crdefenders',"['HumanRightsDefender', 'Kyrgyzstan']",8480
2020-06-11 10:43:26,b'#CentralAsia:  find out how  #Kyrgyzstan #Kazakhstan #Tajikistan #Turkmenistan &amp; #Uzbekistan are muzzling dissent to stop the spread of news about #COVID19.  Read the second part of our briefing \xf0\x9f\x91\x87 https://t.co/2m4x9ZeYYg https://t.co/IKnULBMemi',b'omctorg',"['CentralAsia', 'Kyrgyzstan', 'Kazakhstan', 'Tajikistan', 'Turkmenistan', 'Uzbekistan', 'COVID19']",18296
2020-06-11 10:18:27,"b'""Turn every challenge into dialogue"",   Ms. Ulziisuren Jamsran,  @UN_Women Representative in #Kyrgyzstan,  top innovator in gender-transformative changes  and former UN Volunteer - today at #UNValumni session. https://t.co/9p5SXD3VcK'",b'UNVEurasia',"['Kyrgyzstan', 'UNValumni']",1395
2020-06-11 10:14:35,b'Discussion of the draft #Stigma Index report in #Kyrgyzstan. Interesting findings to be interpreted and translated into future actions. First time all KPs involved. #unaidskg @UNAIDS_EECA https://t.co/8gZEgnePhT',b'SarybaevaMeerim',"['Stigma', 'Kyrgyzstan', 'unaidskg']",421
2020-06-11 10:14:19,"b'Such a pleasure to see great talk of our @UNVolunteers w. Ms. Ulziisuren Jamsran, @UN_Women Head in #Kyrgyzstan. It was impressive inspiration for gender mainstreaming &amp; #volunteerism, based on personal experience &amp; real stories. https://t.co/lHC9YOvZy0'",b'dimworldtw',"['Kyrgyzstan', 'volunteerism']",311
2020-06-11 10:13:21,"b'REGIONAL | Stuck In Kyrgyzstan, Assam Students Seek CM\xe2\x80\x99s Help #Assam #Assamnews #Kyrgyzstan #SarbanandaSonowal @sarbanandsonwal @CMOfficeAssam  https://t.co/38uWM4DEfa'",b'pratidintime',"['Assam', 'Assamnews', 'Kyrgyzstan', 'SarbanandaSonowal']",68485
2020-06-11 08:43:12,"b""#Kyrgyzstan #parliamentary committee approves bill increasing #Russia's #military base fee  #maga #kashmir #AllLivesMatter #blm #USA #Australia #hongkong #tibet #srilanka #turkey #isreal #Maldives #afghanistan #germany #UK #Iran #defence #BYCOTTMADEInCHINA https://t.co/eO6wMOSien""",b'BhushanLalKoul2',"['Kyrgyzstan', 'parliamentary', 'Russia', 'military', 'maga', 'kashmir', 'AllLivesMatter', 'blm', 'USA', 'Australia', 'hongkong', 'tibet', 'srilanka', 'turkey', 'isreal', 'Maldives', 'afghanistan', 'germany', 'UK', 'Iran', 'defence', 'BYCOTTMADEInCHINA']",1439
2020-06-11 07:46:59,b'\xc2\xbb #Kazakhstan accuses #Kyrgyzstan of fiddling customs data | Eurasianet https://t.co/LkCsy1Rg9k',b'Edourdoo',"['Kazakhstan', 'Kyrgyzstan']",15342
2020-06-11 07:38:55,"b'Admissions are open! MBBS in KYRGYZSTAN! NO IELTS &amp; IMAT &amp; NO BANK STATEMENT APPLY NOW! https://t.co/I1WG5dZWXQ 0333 0557791-92, 0333 0558836 #HEC_PromoteToNextSemester #BreakingNews #AtifAslam #ShahbazSharif #\xd9\x86\xdb\x8c\xd8\xa7\xd8\xb2\xdb\x8c_\xdb\x81\xd9\xb9\xd8\xa7\xd9\x88_\xd9\x85\xd9\x84\xda\xa9_\xd8\xa8\xda\x86\xd8\xa7\xd9\x88 #toptrending #study #studyabroad #mbbs #Kyrgyzstan'",b'khm_consultancy',"['HEC_PromoteToNextSemester', 'BreakingNews', 'AtifAslam', 'ShahbazSharif', 'نیازی_ہٹاو_ملک_بچاو', 'toptrending', 'study', 'studyabroad', 'mbbs', 'Kyrgyzstan']",18
2020-06-11 07:20:41,"b'@KenRoth \xf0\x9f\x87\xb0\xf0\x9f\x87\xac#Kyrgyzstan: 10 years after ethnic violence, Azimjan Askarov is still in prison, condemned and jailed on drumped - up charges. #FreeAzimjan https://t.co/BMdwLFHKcY'",b'rashbrax',"['Kyrgyzstan', 'FreeAzimjan']",2083
2020-06-11 06:46:28,"b'#Kyrgyzstan wants to legalize mining, expecting a 350 million Som tax revenue. Last year suppliers of cryptocurrency were still detained for ""undermining the statehood"".   https://t.co/hsyGivBAzn'",b'OthmaraGlas',['Kyrgyzstan'],598
2020-06-11 06:05:56,"b'Ready to launch #Alumni project to connect serving @UNVolunteers and their former peers, now leaders in @UN!  First guest speaker - Ulziisuren Jamsran, UN Women Representative to #Kyrgyzstan \xf0\x9f\x91\x8f\xf0\x9f\x87\xb0\xf0\x9f\x87\xac https://t.co/5IQWeCNIZ6'",b'UNVEurasia',"['Alumni', 'Kyrgyzstan']",1395
2020-06-11 05:59:02,"b'#Kazakhstan accuses #Kyrgyzstan of fiddling customs data @EurasiaNet - again, the Eurasian Economic Union fails to function  https://t.co/5jE7yzXgAS'",b'joannalillis',"['Kazakhstan', 'Kyrgyzstan']",11513
2020-06-11 05:30:49,b'Request letter from Andhra Pradesh CM Sri @ysjagan Garu to Minister of External Affairs to operate more flights under Vande Bharath Mission to AP and/or Allow chartered flights to AP from #kyrgyzstan #Qatar #UAE #Bahrain #SaudiArabia #Singapore #APCM #APState @DrSJaishankar https://t.co/fmaNYBlKqo',b'APNRTSOfficial',"['kyrgyzstan', 'Qatar', 'UAE', 'Bahrain', 'SaudiArabia', 'Singapore', 'APCM', 'APState']",2896
2020-06-11 04:56:56,"b'Even bearing in mind what is known about customs in #Kyrgyzstan, the numbers are pretty dramatic. The case shows why the #EAEU will continue to struggle to deliver deeper integration: both political commitment and state capacities are lacking. https://t.co/OE41ewjfdV'",b'william_tompson',"['Kyrgyzstan', 'EAEU']",881
2020-06-11 03:25:07,b'#Kyrgyzstan hotline &amp; crisis center Shans +996312435301',b'PixelProject',['Kyrgyzstan'],22093
2020-06-11 01:54:34,"b'The bonds between #Kyrgyz #men &amp; #eagle on the slopes of the steppe have been passed down through generations.Learn more, https://t.co/mpXz6QBehw #your_wanderlust_is_calling   #traveladdict #kyrgyzstan #travelinspiration #indigenousart #indigenouspeople  #indigenouspride https://t.co/rBQDTemNqa'",b'Nomdic_tribe_',"['Kyrgyz', 'men', 'eagle', 'your_wanderlust_is_calling', 'traveladdict', 'kyrgyzstan', 'travelinspiration', 'indigenousart', 'indigenouspeople', 'indigenouspride']",43
2020-06-10 23:43:52,b'#Torture in #Kyrgyzstan sadly is a persistent component of the #justice #system @notorturekg https://t.co/fRsyCtfnKr',b'JasmineDCameron',"['Torture', 'Kyrgyzstan', 'justice', 'system']",66
2020-06-10 23:12:02,"b'#Photo: Eternal Flame Memorial in\xc2\xa0Osh, #Kyrgyzstan #travel #sovietmonument https://t.co/xXputYyJoM via @KathmanduBeyond https://t.co/PYgqQtf78e'",b'SidewalkSafari',"['Photo', 'Kyrgyzstan', 'travel', 'sovietmonument']",14737
2020-06-10 21:00:15,b'Bishkek capital city of #Kyrgyzstan with wide boulevards and marble-faced public buildings combined with numerous Soviet-style apartment blocks surrounding interior courtyards. #culture #MBDKyrgyzstan https://t.co/VYyNJYiSTd',b'MyBeauDes',"['Kyrgyzstan', 'culture', 'MBDKyrgyzstan']",52706
2020-06-10 20:33:17,"b""On June 10, 2010, ethnic conflict erupted in #Kyrgyzstan costing thousands of lives. On 5th day, #journalist Azimjon Askarov was detained. He's been in jail for 10 yrs serving life sentence. #FreeAzimjon  https://t.co/j18GNYcJKT""",b'gulnozas',"['Kyrgyzstan', 'journalist', 'FreeAzimjon']",1171
2020-06-10 19:21:27,b'its been 10 yrs since ethnic violence erupted in southern #kyrgyzstan. 400+ were killed. nearly 2000 homes were destroyed. @hrw again calls on #kyrgyzstan to ensure accountability for the victims of violence &amp; justice for those arbitrarily detained and tortured in its aftermath. https://t.co/yz5kOvxUc0',b'iam_martinlu21',"['kyrgyzstan', 'kyrgyzstan']",23
2020-06-10 18:26:10,"b""#Finland's persona non-grata in #Kyrgyzstan @kimmokiljunen In war and mayhem, not easy. Also the message-bearer always suffers. I remember reading this report, was quite blunt. A CentralAsian perspective might have helped. https://t.co/ghoxkbl8GX""",b'RosiAvento',"['Finland', 'Kyrgyzstan']",798
2020-06-10 18:13:29,"b'This combined tour of 3 Central Asian countries gives you the opportunity to experience and to witness the antiquity in #Turkmenistan, the variety of the past and today in #Uzbekistan, the pristine nature of #Kyrgyzstan. https://t.co/gwV0LaGnZR'",b'indy_guide_com',"['Turkmenistan', 'Uzbekistan', 'Kyrgyzstan']",3270
2020-06-10 18:07:16,"b""Today, #Kyrgyzstan commemorates 10 years anniversary of 2010 painful ethnic clashes between Kyrgyz and Uzbek peoples in South. @un_kyrgyzstan @undpkg w @pbf supports country's healing thru #Peace building, reducing vulnerability &amp; investing in #youth #resilience. https://t.co/PSvPcNuOYs""",b'ChamberlainSDGs',"['Kyrgyzstan', 'Peace', 'youth', 'resilience']",1787
2020-06-10 16:36:07,"b'I loved the view from my bike, when I had the skull attached, haha \xf0\x9f\x98\x82\xf0\x9f\x98\x82 #kyrgyzstan #\xd0\x9a\xd0\xb8\xd1\x80\xd0\xb3\xd0\xb8\xd0\xb7\xd0\xb8\xd1\x8f #skull   #viewfrommybike #mototrip #advgirls #motorcycle #badass #cowboy #motorcycletouring #adventurebikerider #enduro #style #overlanding #advlife #instabikers #view #mypointofview https://t.co/AcCYoz5Kl1'",b'RTWriders',"['kyrgyzstan', 'Киргизия', 'skull', 'viewfrommybike', 'mototrip', 'advgirls', 'motorcycle', 'badass', 'cowboy', 'motorcycletouring', 'adventurebikerider', 'enduro', 'style', 'overlanding', 'advlife', 'instabikers', 'view', 'mypointofview']",216
2020-06-10 16:15:30,"b'49yo Kyrgyz citizen dies in hospital of injury received during Kyrgyz-Uzbek border conflict. ""The border incident occurred over the water source, when the citizens of two countries threw stones into each other."" #water #Kyrgyzstan #Uzbekistan https://t.co/YuKfF5AplX'",b'isciences',"['water', 'Kyrgyzstan', 'Uzbekistan']",1249
2020-06-10 15:15:18,"b'After a 4 hour hike up to the beautiful Song-Kol Lake,  Chabdar the horse, is relaxing now and drinks some water.  . Follow \xf0\x9f\x91\x89 @dodoexplorers for more . #kyrgyzstan #songkul #mountainlife #discoverkyrgyzstan #horseriding #mountainlake #nature_perfection #hikemoreworryless #Horses https://t.co/of5MOKTfTM'",b'dodoexplorers',"['kyrgyzstan', 'songkul', 'mountainlife', 'discoverkyrgyzstan', 'horseriding', 'mountainlake', 'nature_perfection', 'hikemoreworryless', 'Horses']",1934
2020-06-10 14:41:59,b'My reserves are running out . . . . . . . . . . . .  #kyrgyzstan #kyrgyzrepublic #mountainview #ourplanetdaily #centralasia #landscapephotography #landscape #kyrmagazine #instagood #\xd0\xba\xd1\x8b\xd1\x80\xd0\xb3\xd1\x8b\xd0\xb7\xd1\x81\xd1\x82\xd0\xb0\xd0\xbd\xf0\x9f\x87\xb0\xf0\x9f\x87\xac #\xd0\xba\xd1\x8b\xd1\x80\xd0\xb3\xd1\x8b\xd0\xb7\xd1\x81\xd1\x82\xd0\xb0\xd0\xbd\xe2\x80\xa6 https://t.co/cFTzzvEUmn',b'fanya836',"['kyrgyzstan', 'kyrgyzrepublic', 'mountainview', 'ourplanetdaily', 'centralasia', 'landscapephotography', 'landscape', 'kyrmagazine', 'instagood', 'кыргызстан', 'кыргызстан']",2
2020-06-10 14:12:52,"b'In light of the #Covid19 pandemic, the 6th Annual Life in #Kyrgyzstan conference 2020 will be held online. The deadline for submission of proposals for sessions &amp; individual #research papers has also been extended to June 30, 2020. Learn more at: https://t.co/BpVxY0oHEp. #LIK2020 https://t.co/zGBUBVwGeR'",b'ucentralasia',"['Covid19', 'Kyrgyzstan', 'research', 'LIK2020']",4339
2020-06-10 13:44:16,"b'Coronavirus #pandemic has hit not only business, but the labour market of #Kazakhstan and #Kyrgyzstan.\xc2\xa0  https://t.co/ZbYp0SRvQf'",b'cabarasia',"['pandemic', 'Kazakhstan', 'Kyrgyzstan']",384
2020-06-10 13:25:56,"b""'Ten years after the ethnic clashes of June 2010, Kyrgyzstan still has not implemented many of the KIC's recommendations.  And Kiljunen [...] is still persona non grata in #Kyrgyzstan.'   https://t.co/KoexBIBq3K""",b'ErnestZhanaev',['Kyrgyzstan'],188
2020-06-10 11:56:27,"b'In #Kyrgyzstan the @ICRC has donated four tents for screening potential #COVID19 patients in Prisions. Today, the Penitentiary Service informs in its Instagram (https://t.co/7TzA1eNZMr) and its Website (https://t.co/7hDJr2CXTe)'",b'cbatallasICRC',"['Kyrgyzstan', 'COVID19']",197
2020-06-10 11:44:10,b'The Trade-Off Between #Energy Use and a Healthy Economy: #Kyrgyzstan Lawmakers Debate on #Bitcoin #Mining #Tax #Bill - #Ban #Cryptocurrency #Legislation #Trading - https://t.co/tr85q3bdmk',b'PaulESamson',"['Energy', 'Kyrgyzstan', 'Bitcoin', 'Mining', 'Tax', 'Bill', 'Ban', 'Cryptocurrency', 'Legislation', 'Trading']",4672
2020-06-10 11:12:37,b'Free like a nomad! Photo alpageprod   #horse #horses #horselover #cheval #caballo #love #naturelovers #naturephotography #naturegeography #kyrgyzstan #snow #nature #mountain #nomadicstyle #benomad #nomadsland\xe2\x80\xa6 https://t.co/VlbpqD9A2C',b'NomadsLand_kg',"['horse', 'horses', 'horselover', 'cheval', 'caballo', 'love', 'naturelovers', 'naturephotography', 'naturegeography', 'kyrgyzstan', 'snow', 'nature', 'mountain', 'nomadicstyle', 'benomad', 'nomadsland']",1186
2020-06-10 10:59:35,"b'Chingiz Aytmatov conquered the world with his literary talent! And today is the 12th anniversary of his passing away, I would like to pay tribute to the memory of this great personality. \xf0\x9f\x87\xb0\xf0\x9f\x87\xac\xf0\x9f\x87\xb9\xf0\x9f\x87\xb7 #Kyrgyzstan #Kyrgyz #Aytmatov #CengizAytmatov https://t.co/zyRDTxhj9N'",b'IsaBurakGonca',"['Kyrgyzstan', 'Kyrgyz', 'Aytmatov', 'CengizAytmatov']",3409
2020-06-10 10:07:59,"b'in #Kyrgyzstan, justice is elusive 10 years on. the authorities should investigate abuses and review torture-tainted convictions handed down in the aftermath of the violence. everyone deserves justice.   https://t.co/EorZKQ0TVv https://t.co/mQDZrKdAaO'",b'MihraRittmann',['Kyrgyzstan'],2669
2020-06-10 09:56:46,b'Young people in #Kyrgyzstan have unique experiences of conflict &amp; can play a crucial role in building #peace. But often they are seen as part of a problem rather than of a solution.  This report advocates for their meaningful inclusion in discussions related to peace &amp; security\xf0\x9f\x91\x87 https://t.co/npf8Q1hXl3',b'EPLO_',"['Kyrgyzstan', 'peace']",4715
2020-06-10 09:54:17,"b'The Trade-Off Between Energy Use and a Healthy Economy: Kyrgyzstan Lawmakers Debate on Bitcoin Mining Tax Bill https://t.co/cO1eUWlZDr #Mining, #Tax, #Kyrgyzstan, #Bill, #Bitcoin, #Energy, #Cryptocurrency, #Ban, #Trading, #Legislation'",b'CoinIdol',"['Mining', 'Tax', 'Kyrgyzstan', 'Bill', 'Bitcoin', 'Energy', 'Cryptocurrency', 'Ban', 'Trading', 'Legislation']",2686
2020-06-10 08:49:16,"b'Meet Erkaim, one of our SUPERHOSTS from #Kyrgyzstan!   https://t.co/6vi1ujjAJi #centralasia #silkroad #indyguide #eurasia #caucasus #underrateddestinations https://t.co/8v4TpFvMgJ'",b'indy_guide_com',"['Kyrgyzstan', 'centralasia', 'silkroad', 'indyguide', 'eurasia', 'caucasus', 'underrateddestinations']",3270
2020-06-10 08:40:30,"b""#Kyrgyzstan's National Bank predicts a 4% decline of GDP by the end of the year.  https://t.co/Ns9YolVZuR""",b'OthmaraGlas',['Kyrgyzstan'],598
2020-06-10 08:39:58,b'Stunning shots of Kyrgyz mountains in the lens foreign traveler.  \xf0\x9f\x93\xb8: https://t.co/tR4fUTEvMb  #Asia #CentralAsia #Kyrgyzstan #naturephotography #naturelovers #mountains #travelling #travelphotography https://t.co/8vbqPnzZRd',b'asia_wonderful',"['Asia', 'CentralAsia', 'Kyrgyzstan', 'naturephotography', 'naturelovers', 'mountains', 'travelling', 'travelphotography']",5
2020-06-10 08:39:00,"b""A court sentenced #Kyrgyzstan's former Prime Minister Sapar #Isakov to 18 years in prison because of corruption.  https://t.co/GHlDiIYFrT""",b'OthmaraGlas',"['Kyrgyzstan', 'Isakov']",598
2020-06-10 08:00:00,b'What is the Capital of Kyrgyzstan ? #capital #country #Kyrgyzstan #game #dailychallenge #challenge',b'CaDailychalleng',"['capital', 'country', 'Kyrgyzstan', 'game', 'dailychallenge', 'challenge']",4
2020-06-10 07:54:08,"b'perhaps the most well-known june-2010 related case is that of human rights defender azimjon askarov, but dozens and dozens of people were convicted in trials marred by torture allegations and violations of fair trial standards. #kyrgyzstan shld set up a review process.'",b'MihraRittmann',['kyrgyzstan'],2669
2020-06-10 07:44:03,"b'Unfortunately, this is not a victory of democratic and independent institutions fighting against #corruption and #clientelism. This just happens when your political clan loses power. #Isakov Ex-PM of #Kyrgyzstan sentenced to 18 years after politicised corruption https://t.co/L7tHON6E7t'",b'Jordanova_An',"['corruption', 'clientelism', 'Isakov', 'Kyrgyzstan']",125
2020-06-10 07:43:55,"b'ten years on, the ethnic uzbek community in southern #kyrgyzstan retains an underlying sense of fear and insecurity, especially with respect to law enforcement and the judiciary. ""you still feel vulnerable today"" an ethnic uzbek rights defender in southern kyrgyzstan told @hrw.'",b'MihraRittmann',['kyrgyzstan'],2669
2020-06-10 07:38:19,"b""here's @hrw's report, out today, on what the government of #kyrgyzstan still needs to do to ensure justice and accountability for abuses committed during and after the outbreak of violence in southern kyrgyzstan - https://t.co/EorZKQ0TVv https://t.co/mSiX41oG58""",b'MihraRittmann',['kyrgyzstan'],2669
2020-06-10 07:19:22,b'its been 10 yrs since ethnic violence erupted in southern #kyrgyzstan. 400+ were killed. nearly 2000 homes were destroyed. @hrw again calls on #kyrgyzstan to ensure accountability for the victims of violence &amp; justice for those arbitrarily detained and tortured in its aftermath. https://t.co/jCoBNaAcde',b'MihraRittmann',"['kyrgyzstan', 'kyrgyzstan']",2669
2020-06-10 07:08:34,"b""10 years after the tragic June 2010 violence, #Kyrgyzstan government still has a responsibility to acknowledge and provide accountability for past abuses. It's a time to remember the victims. *All* of them deserve justice and accountability. https://t.co/SMdJZcJ2KC https://t.co/n22bk6jTtn""",b'philippe_dam',['Kyrgyzstan'],5742
2020-06-10 06:22:10,b'Ex-PM of #Kyrgyzstan sentenced to 18 years after politicised corruption trial https://t.co/Zw3csF5rNd',b'joannalillis',['Kyrgyzstan'],11513
2020-06-10 06:07:11,"b'Amazingly feminine, beautiful Aisuluu Tynybekova; for more info kindly visit https://t.co/RcUehwSBy0 #Wrestling #Kyrgyzstan https://t.co/puFmryqbv3'",b'BCAmagazine',"['Wrestling', 'Kyrgyzstan']",1177
2020-06-10 06:04:05,"b""@CPJ_Eurasia calls for probe into firebombing of TV channel in #Kyrgyzstan after 'criticism from government supporters on social media, who alleged 3 Kanal was \xe2\x80\x9cdisseminating western values\xe2\x80\x9d'  Press 'should not face harassment or attacks' - @gulnozas https://t.co/l99nP7ptLS""",b'joannalillis',['Kyrgyzstan'],11513
2020-06-10 06:01:13,"b""@CPJ_Eurasia calls for probe into firebombing of TV channel in #Kyrgyzstan after 'criticism from government supporters on social media, who alleged 3 Kanal was \xe2\x80\x9cdisseminating western values\xe2\x80\x9d'  Press 'should not face harassment or attacks' - @gulnozas https://t.co/ta3jqbhON5""",b'joannalillis',['Kyrgyzstan'],11513
2020-06-10 05:54:43,b'@IndiaInKyrgyz @PMOIndia @DrSJaishankar @RajCMO @AmitShah We are medical students in #Kyrgyzstan and their are only few flights for us in #VandeBharatMission. Pls arrange more flights for us and evacuate us \xf0\x9f\x99\x8f\xf0\x9f\x99\x8f #gobacktorajasthan  #BringBackToIndia @aajtak @IndiaToday @ZeeNews',b'VinayJo78027574',"['Kyrgyzstan', 'VandeBharatMission', 'gobacktorajasthan', 'BringBackToIndia']",3
2020-06-10 05:15:12,"b""@Chandra70923604 @PMOIndia @IndiaInKyrgyz @ashokgehlot51 @himansh47588559 This is today's Rajasthan Patrika photo of Rajsamand variant showing the problems of students stuck in #Kyrgyzstan and seeking help. Please help us \xf0\x9f\x99\x8f\xf0\x9f\x99\x8f @RajCMO @KumariDiya @RajasthanPNew @Dainikbhaskar_ @IndiaInKyrgyz @PMOIndia""",b'VinayJo78027574',['Kyrgyzstan'],3
2020-06-10 05:11:21,"b'\xe2\x80\x9cPsychologically, it stays with you... An act of reconciliation did not take place.... no one ever answered for [the abuses]. It makes you feel psychologically vulnerable"" - lawyer to @hrw on the absence of justice and reconciliation since the 2010 Osh violence #Kyrgyzstan https://t.co/BuEq0iVTFy'",b'joannalillis',['Kyrgyzstan'],11513
2020-06-10 05:05:50,b'\xe2\x80\x9cJustice has been elusive for so many people who suffered horrific crimes during and after the violent events of June 2010\xe2\x80\x9d - @MihraRittmann @hrw on Osh clashes 10 years on #Kyrgyzstan  https://t.co/cXB6vYkdew',b'joannalillis',['Kyrgyzstan'],11513
2020-06-10 05:04:40,b'Tragic anniversary in #Kyrgyzstan as it marks 10 years since hundreds died in Osh ethnic clashes . Some of my reporting from the time for @EurasiaNet https://t.co/XqQy6nhtTl  https://t.co/TttOq8o0kT + @Independent + @business:  https://t.co/zdAxiAFgkP https://t.co/yiqJt43BS7',b'joannalillis',['Kyrgyzstan'],11513
2020-06-10 04:57:26,b'@PMOIndia @IndiaInKyrgyz @DrSJaishankar @narendramodi @AmitShah @RajCMO @MEAIndia We are approx 12000 indian and 1500 Rajasthani students in #Kyrgyzstan pls help us and evacuate us. Pls send more flights\xf0\x9f\x99\x8f\xf0\x9f\x99\x8f\xf0\x9f\x99\x8f #gobacktorajasthan  #VandeBharatMission @ZeeNews @aajtak @IndiaToday',b'VinayJo78027574',"['Kyrgyzstan', 'gobacktorajasthan', 'VandeBharatMission']",3
2020-06-10 04:43:32,"b'#coronavirus update in #Kyrgyzstan. New cases confirmed 38, new recovered 89, new deaths 2. Total cases in Kyrgyzstan confirmed 2093, recovered 1572, deaths 26. +1.85% daily cases increase, 38 reported today UTC time.'",b'CoronaSpread',"['coronavirus', 'Kyrgyzstan']",165
2020-06-10 04:18:03,"b'#Photo: Eternal Flame Memorial in\xc2\xa0Osh, #Kyrgyzstan #travel #sovietmonument https://t.co/ivulthXxSv via @KathmanduBeyond https://t.co/0QYzDbQzA3'",b'MarPagesTWL',"['Photo', 'Kyrgyzstan', 'travel', 'sovietmonument']",76296
2020-06-10 03:25:07,b'#Kyrgyzstan hotline &amp; crisis center Shans +996312435301',b'PixelProject',['Kyrgyzstan'],22093
2020-06-10 02:40:24,"b'Stranded #Kashmiris in #Pakistan, #Kyrgyzstan await relief from #GoI: Masoodi  Speaks to union #Civil #Aviation minister Mr. Hardeep Singh Puri, seeks direct #flights from #Osh to #Srinagar   https://t.co/iOeXFhGsle'",b'RisingKashmir',"['Kashmiris', 'Pakistan', 'Kyrgyzstan', 'GoI', 'Civil', 'Aviation', 'flights', 'Osh', 'Srinagar']",150424
2020-06-09 21:20:25,b'#Kyrgyzstan authorities should conduct a quick and thorough investigation into the arson attack on the office of the 3 Kanal broadcaster. https://t.co/QGts6cjJpM',b'pressfreedom',['Kyrgyzstan'],216948
2020-06-09 21:09:45,b'#Kyrgyzstan is now building on credit an expensive mountain road that would need major repairs already in five years. Was there an alternative to the North-South highway? https://t.co/8zQgU51HVA',b'cabarasia',['Kyrgyzstan'],384
2020-06-09 20:38:52,"b'At least in #Turkmenistan all is peaceful. The President recently inaugurated another big new monument in Ashgabat, this time in honour of the humble bicycle . #COVID__19 #OOTT #Russia #Uzbekistan #Kyrgyzstan #Tajikistan #Eurasia #Azerbaijan'",b'macro_advisory',"['Turkmenistan', 'COVID__19', 'OOTT', 'Russia', 'Uzbekistan', 'Kyrgyzstan', 'Tajikistan', 'Eurasia', 'Azerbaijan']",190
2020-06-09 20:34:22,"b'Book Authentic Experiences with Verified Hosts in Underrated Destinations! Book local, save money: https://t.co/nuYvaRDHts  Commission range from 0% - 10%! #Azerbaijan #Georgia #Iran #Kazakhstan #Kyrgyzstan #Mongolia #Tajikistan #Uzbekistan #India #Pakistan #Russia #Nepal #Bhutan https://t.co/pUICx7Pa07'",b'indy_guide_com',"['Azerbaijan', 'Georgia', 'Iran', 'Kazakhstan', 'Kyrgyzstan', 'Mongolia', 'Tajikistan', 'Uzbekistan', 'India', 'Pakistan', 'Russia', 'Nepal', 'Bhutan']",3270
2020-06-09 17:12:27,"b'#Kyrgyzstan #Bishkek This is the most beautiful, pleasant word. https://t.co/DeZdRYC7Tb'",b'NurbekUno',"['Kyrgyzstan', 'Bishkek']",109
2020-06-09 16:32:29,"b'#Molduashupass in #Kyrgyzstan was just #amazing. We had a freezing cold night beside the #Songkul Lake at #3000m and tried to keep us warm with burning #cowshit, that just produced an insane amount of #smoke \xf0\x9f\x98\x82  #\xd0\x9a\xd0\xb8\xd1\x80\xd0\xb3\xd0\xb8\xd0\xb7\xd0\xb8\xd1\x8f #songkul #rtwriders #mototravel #motoviajeros #travelblog https://t.co/K98t4L8Qrc'",b'RTWriders',"['Molduashupass', 'Kyrgyzstan', 'amazing', 'Songkul', '3000m', 'cowshit', 'smoke', 'Киргизия', 'songkul', 'rtwriders', 'mototravel', 'motoviajeros', 'travelblog']",216
2020-06-09 16:00:02,b'EAEU ideal opportunity for enhancement of Iran-Kyrgyzstan trade: President @HassanRouhani  #Iran #Kyrgyzstan  https://t.co/OMCcLdmxmU https://t.co/N9BR9mOIcY',b'Iran',"['Iran', 'Kyrgyzstan']",161772
2020-06-09 14:54:22,b'In these days we are witnessing a return of ethnic clashes in #CentralAsia. In this context it is even more important to remember what happened 10 years ago in #Osh. @RFERL did it with this excellent video #Uzbekistan #Kyrgyzstan  https://t.co/yOPl2XyAo4',b'davidecancarini',"['CentralAsia', 'Osh', 'Uzbekistan', 'Kyrgyzstan']",1056
2020-06-09 14:30:27,"b'It\xe2\x80\x99s true that #CentralAsia is abundant with history \xe2\x80\x94 but it\xe2\x80\x99s even more abundant with natural #beauty! Soak in sights fit for your dreams as you travel across Tajikistan, Kazakhstan and Kyrgyzstan with #FloTours.  https://t.co/d6Zc6dHglw   \xf0\x9f\x93\xb7 Jeti-Oguz Canyon, #Kyrgyzstan https://t.co/9sfe81LQFz'",b'FloTours',"['CentralAsia', 'beauty', 'FloTours', 'Kyrgyzstan']",65
2020-06-09 14:27:39,b'Security officer dissolving in mountain vista #Kyrgyzstan #photography https://t.co/4lcMogf6Qg',b'jnzqns',"['Kyrgyzstan', 'photography']",38
2020-06-09 13:11:04,"b'Turkey\xe2\x80\x99s global fight against the #COVID19 continues at the Friendship Hospital in #Kyrgyzstan\xf0\x9f\xa6\xa0\xf0\x9f\x8f\xa8  Kyrgyzstan-#Turkey Friendship Hospital which has recently been built&amp;equipped by T\xc4\xb0KA, was temporarily permitted to be used by Kyrgyzstan\xe2\x80\x99s Min. of #Health  https://t.co/ddMQT9ZbQd https://t.co/Af99VSOVRw'",b'tika_english1',"['COVID19', 'Kyrgyzstan', 'Turkey', 'Health']",11747
